<?xml version="1.0" encoding="UTF-8"?>
<project-private xmlns="http://www.netbeans.org/ns/project-private/1">
    <editor-bookmarks xmlns="http://www.netbeans.org/ns/editor-bookmarks/2" lastBookmarkId="0"/>
    <open-files xmlns="http://www.netbeans.org/ns/projectui-open-files/2">
        <group>
            <file>file:/C:/Users/praty/Dropbox/My%20PC%20(LAPTOP-LDT6ESR2)/Documents/NetBeansProjects/HospitalManagementSystemusingJAVASwing-master/src/officemanagementsystem/download.jpg</file>
            <file>file:/C:/Users/praty/Dropbox/My%20PC%20(LAPTOP-LDT6ESR2)/Documents/NetBeansProjects/HospitalManagementSystemusingJAVASwing-master/src/officemanagementsystem/OfficeManagementSystem.java</file>
            <file>file:/C:/Users/praty/Dropbox/My%20PC%20(LAPTOP-LDT6ESR2)/Documents/NetBeansProjects/HospitalManagementSystemusingJAVASwing-master/src/officemanagementsystem/MenuPage.java</file>
            <file>file:/C:/Users/praty/Dropbox/My%20PC%20(LAPTOP-LDT6ESR2)/Documents/NetBeansProjects/HospitalManagementSystemusingJAVASwing-master/src/officemanagementsystem/LoginPage.java</file>
            <file>file:/C:/Users/praty/Dropbox/My%20PC%20(LAPTOP-LDT6ESR2)/Documents/NetBeansProjects/HospitalManagementSystemusingJAVASwing-master/src/officemanagementsystem/Module1.java</file>
            <file>file:/C:/Users/praty/Dropbox/My%20PC%20(LAPTOP-LDT6ESR2)/Documents/NetBeansProjects/HospitalManagementSystemusingJAVASwing-master/src/officemanagementsystem/Module2.java</file>
        </group>
    </open-files>
</project-private>
